year,trend
2015,0.0
2016,0.019466926024950586
2017,0.01522335212683903
2018,0.018420702984953633
2019,0.01708617140201627
2020,-0.050831728145454814
2021,0.018246576600864654
2022,0.05487407338622489
